ID,target
10000,class3
10001,class3
10002,class3
10003,class3
10004,class3
10005,class3
10006,class3
10007,class3
10008,class3
10009,class3
10010,class3
10011,class3
10012,class3
10013,class3
10014,class3
10015,class2
10016,class3
10017,class3
10018,class3
10019,class3
10020,class3
10021,class3
10022,class2
10023,class3
10024,class1
10025,class3
10026,class3
10027,class3
10028,class3
10029,class3
10030,class3
10031,class3
10032,class3
10033,class3
10034,class3
10035,class3
10036,class3
10037,class3
10038,class3
10039,class3
10040,class3
10041,class3
10042,class3
10043,class3
10044,class3
10045,class3
10046,class3
10047,class3
10048,class3
10049,class1
10050,class3
10051,class3
10052,class3
10053,class3
10054,class3
10055,class3
10056,class3
10057,class3
10058,class3
10059,class3
10060,class3
10061,class3
10062,class3
10063,class3
10064,class3
10065,class3
10066,class3
10067,class3
10068,class3
10069,class3
10070,class3
10071,class3
10072,class3
10073,class3
10074,class3
10075,class3
10076,class2
10077,class3
10078,class3
10079,class3
10080,class3
10081,class3
10082,class3
10083,class3
10084,class1
10085,class2
10086,class3
10087,class3
10088,class3
10089,class3
10090,class3
10091,class2
10092,class3
10093,class3
10094,class3
10095,class3
10096,class3
10097,class3
10098,class3
10099,class3
10100,class3
10101,class3
10102,class3
10103,class3
10104,class3
10105,class3
10106,class3
10107,class3
10108,class3
10109,class3
10110,class3
10111,class3
10112,class3
10113,class3
10114,class3
10115,class3
10116,class3
10117,class3
10118,class3
10119,class2
10120,class3
10121,class3
10122,class3
10123,class3
10124,class3
10125,class3
10126,class3
10127,class3
10128,class3
10129,class3
10130,class3
10131,class3
10132,class3
10133,class3
10134,class3
10135,class3
10136,class1
10137,class3
10138,class2
10139,class2
10140,class3
10141,class3
10142,class2
10143,class3
10144,class3
10145,class3
10146,class3
10147,class3
10148,class3
10149,class1
10150,class3
10151,class3
10152,class3
10153,class3
10154,class3
10155,class3
10156,class3
10157,class3
10158,class3
10159,class3
10160,class3
10161,class3
10162,class3
10163,class3
10164,class3
10165,class3
10166,class3
10167,class3
10168,class3
10169,class3
10170,class3
10171,class3
10172,class3
10173,class3
10174,class3
10175,class3
10176,class1
10177,class3
10178,class3
10179,class3
10180,class3
10181,class3
10182,class3
10183,class3
10184,class3
10185,class2
10186,class3
10187,class3
10188,class3
10189,class3
10190,class3
10191,class3
10192,class3
10193,class3
10194,class3
10195,class3
10196,class3
10197,class3
10198,class3
10199,class3
10200,class3
10201,class3
10202,class3
10203,class3
10204,class3
10205,class3
10206,class3
10207,class3
10208,class3
10209,class1
10210,class3
10211,class3
10212,class3
10213,class3
10214,class3
10215,class3
10216,class3
10217,class3
10218,class3
10219,class3
10220,class3
10221,class3
10222,class3
10223,class3
10224,class3
10225,class3
10226,class3
10227,class3
10228,class3
10229,class3
10230,class3
10231,class3
10232,class3
10233,class3
10234,class3
10235,class3
10236,class1
10237,class3
10238,class1
10239,class3
10240,class3
10241,class3
10242,class3
10243,class3
10244,class3
10245,class3
10246,class3
10247,class3
10248,class3
10249,class2
10250,class3
10251,class3
10252,class3
10253,class3
10254,class3
10255,class1
10256,class3
10257,class3
10258,class3
10259,class3
10260,class3
10261,class3
10262,class1
10263,class3
10264,class3
10265,class3
10266,class3
10267,class2
10268,class3
10269,class3
10270,class3
10271,class3
10272,class3
10273,class3
10274,class3
10275,class3
10276,class2
10277,class3
10278,class3
10279,class3
10280,class3
10281,class3
10282,class3
10283,class3
10284,class3
10285,class3
10286,class3
10287,class3
10288,class3
10289,class2
10290,class3
10291,class3
10292,class3
10293,class3
10294,class3
10295,class3
10296,class3
10297,class3
10298,class3
10299,class3
10300,class3
10301,class3
10302,class3
10303,class3
10304,class1
10305,class3
10306,class3
10307,class3
10308,class3
10309,class3
10310,class3
10311,class3
10312,class2
10313,class3
10314,class3
10315,class3
10316,class3
10317,class3
10318,class3
10319,class1
10320,class3
10321,class3
10322,class3
10323,class3
10324,class3
10325,class3
10326,class3
10327,class3
10328,class3
10329,class3
10330,class3
10331,class3
10332,class3
10333,class3
10334,class3
10335,class3
10336,class2
10337,class3
10338,class3
10339,class3
10340,class3
10341,class3
10342,class3
10343,class3
10344,class3
10345,class3
10346,class3
10347,class3
10348,class3
10349,class3
10350,class3
10351,class3
10352,class3
10353,class3
10354,class3
10355,class3
10356,class3
10357,class3
10358,class3
10359,class2
10360,class3
10361,class3
10362,class2
10363,class3
10364,class3
10365,class3
10366,class3
10367,class3
10368,class3
10369,class3
10370,class3
10371,class3
10372,class3
10373,class3
10374,class3
10375,class3
10376,class3
10377,class3
10378,class3
10379,class3
10380,class3
10381,class3
10382,class3
10383,class3
10384,class3
10385,class3
10386,class3
10387,class3
10388,class3
10389,class3
10390,class3
10391,class3
10392,class3
10393,class3
10394,class3
10395,class3
10396,class3
10397,class3
10398,class3
10399,class3
10400,class3
10401,class3
10402,class3
10403,class3
10404,class1
10405,class3
10406,class3
10407,class3
10408,class3
10409,class3
10410,class3
10411,class3
10412,class3
10413,class3
10414,class3
10415,class3
10416,class3
10417,class3
10418,class3
10419,class3
10420,class3
10421,class2
10422,class3
10423,class3
10424,class3
10425,class3
10426,class3
10427,class3
10428,class3
10429,class3
10430,class2
10431,class3
10432,class3
10433,class3
10434,class3
10435,class3
10436,class3
10437,class3
10438,class3
10439,class2
10440,class3
10441,class3
10442,class3
10443,class2
10444,class3
10445,class3
10446,class3
10447,class3
10448,class3
10449,class3
10450,class3
10451,class2
10452,class3
10453,class3
10454,class3
10455,class3
10456,class3
10457,class3
10458,class3
10459,class3
10460,class3
10461,class3
10462,class2
10463,class3
10464,class3
10465,class3
10466,class3
10467,class3
10468,class3
10469,class3
10470,class3
10471,class3
10472,class3
10473,class3
10474,class3
10475,class3
10476,class3
10477,class3
10478,class3
10479,class3
10480,class3
10481,class3
10482,class3
10483,class3
10484,class3
10485,class2
10486,class3
10487,class3
10488,class3
10489,class3
10490,class3
10491,class3
10492,class3
10493,class3
10494,class3
10495,class3
10496,class3
10497,class3
10498,class1
10499,class1
10500,class3
10501,class3
10502,class3
10503,class3
10504,class2
10505,class3
10506,class3
10507,class3
10508,class3
10509,class3
10510,class3
10511,class3
10512,class3
10513,class3
10514,class3
10515,class1
10516,class3
10517,class3
10518,class3
10519,class3
10520,class3
10521,class3
10522,class3
10523,class3
10524,class3
10525,class3
10526,class3
10527,class3
10528,class3
10529,class3
10530,class2
10531,class3
10532,class3
10533,class3
10534,class3
10535,class3
10536,class1
10537,class3
10538,class3
10539,class3
10540,class3
10541,class3
10542,class3
10543,class3
10544,class3
10545,class3
10546,class3
10547,class2
10548,class3
10549,class3
10550,class3
10551,class3
10552,class3
10553,class3
10554,class3
10555,class3
10556,class3
10557,class3
10558,class3
10559,class3
10560,class3
10561,class3
10562,class1
10563,class3
10564,class3
10565,class3
10566,class2
10567,class3
10568,class3
10569,class3
10570,class3
10571,class3
10572,class3
10573,class3
10574,class3
10575,class3
10576,class3
10577,class3
10578,class2
10579,class3
10580,class2
10581,class3
10582,class3
10583,class3
10584,class3
10585,class3
10586,class2
10587,class3
10588,class3
10589,class3
10590,class3
10591,class3
10592,class3
10593,class3
10594,class3
10595,class3
10596,class3
10597,class3
10598,class3
10599,class3
10600,class3
10601,class3
10602,class3
10603,class3
10604,class3
10605,class3
10606,class3
10607,class3
10608,class3
10609,class3
10610,class3
10611,class3
10612,class3
10613,class3
10614,class3
10615,class3
10616,class3
10617,class2
10618,class3
10619,class3
10620,class3
10621,class3
10622,class3
10623,class3
10624,class3
10625,class3
10626,class3
10627,class3
10628,class3
10629,class3
10630,class2
10631,class3
10632,class3
10633,class3
10634,class2
10635,class3
10636,class3
10637,class3
10638,class3
10639,class3
10640,class3
10641,class3
10642,class3
10643,class3
10644,class3
10645,class3
10646,class3
10647,class3
10648,class3
10649,class3
10650,class3
10651,class3
10652,class3
10653,class3
10654,class2
10655,class3
10656,class3
10657,class3
10658,class3
10659,class3
10660,class3
10661,class3
10662,class3
10663,class3
10664,class3
10665,class3
10666,class3
10667,class3
10668,class3
10669,class3
10670,class3
10671,class3
10672,class3
10673,class3
10674,class2
10675,class3
10676,class3
10677,class3
10678,class3
10679,class3
10680,class3
10681,class3
10682,class3
10683,class3
10684,class3
10685,class3
10686,class3
10687,class3
10688,class3
10689,class3
10690,class3
10691,class3
10692,class3
10693,class3
10694,class3
10695,class3
10696,class3
10697,class3
10698,class3
10699,class2
10700,class3
10701,class3
10702,class1
10703,class3
10704,class3
10705,class3
10706,class3
10707,class3
10708,class3
10709,class3
10710,class3
10711,class3
10712,class3
10713,class3
10714,class3
10715,class3
10716,class3
10717,class2
10718,class3
10719,class3
10720,class3
10721,class3
10722,class3
10723,class3
10724,class3
10725,class3
10726,class3
10727,class3
10728,class3
10729,class3
10730,class3
10731,class3
10732,class3
10733,class3
10734,class3
10735,class3
10736,class3
10737,class3
10738,class3
10739,class3
10740,class3
10741,class3
10742,class3
10743,class1
10744,class3
10745,class3
10746,class3
10747,class3
10748,class3
10749,class3
10750,class3
10751,class3
10752,class3
10753,class3
10754,class3
10755,class3
10756,class3
10757,class3
10758,class3
10759,class3
10760,class3
10761,class3
10762,class3
10763,class3
10764,class3
10765,class3
10766,class3
10767,class3
10768,class3
10769,class3
10770,class2
10771,class3
10772,class3
10773,class2
10774,class3
10775,class3
10776,class3
10777,class3
10778,class3
10779,class3
10780,class3
10781,class3
10782,class3
10783,class3
10784,class3
10785,class3
10786,class3
10787,class3
10788,class3
10789,class3
10790,class3
10791,class3
10792,class3
10793,class3
10794,class3
10795,class3
10796,class3
10797,class3
10798,class3
10799,class3
10800,class3
10801,class2
10802,class3
10803,class2
10804,class3
10805,class3
10806,class3
10807,class3
10808,class3
10809,class3
10810,class3
10811,class3
10812,class3
10813,class3
10814,class3
10815,class3
10816,class3
10817,class3
10818,class3
10819,class3
10820,class3
10821,class3
10822,class3
10823,class3
10824,class3
10825,class3
10826,class3
10827,class2
10828,class3
10829,class3
10830,class2
10831,class3
10832,class3
10833,class3
10834,class3
10835,class2
10836,class3
10837,class3
10838,class2
10839,class3
10840,class3
10841,class3
10842,class3
10843,class2
10844,class3
10845,class3
10846,class3
10847,class3
10848,class3
10849,class3
10850,class3
10851,class3
10852,class3
10853,class3
10854,class2
10855,class3
10856,class3
10857,class3
10858,class3
10859,class3
10860,class3
10861,class3
10862,class3
10863,class3
10864,class3
10865,class3
10866,class3
10867,class3
10868,class3
10869,class2
10870,class3
10871,class3
10872,class3
10873,class2
10874,class3
10875,class2
10876,class3
10877,class3
10878,class3
10879,class3
10880,class3
10881,class3
10882,class2
10883,class3
10884,class3
10885,class3
10886,class3
10887,class3
10888,class3
10889,class3
10890,class3
10891,class3
10892,class3
10893,class3
10894,class3
10895,class3
10896,class3
10897,class3
10898,class3
10899,class3
10900,class3
10901,class1
10902,class3
10903,class3
10904,class3
10905,class3
10906,class3
10907,class3
10908,class3
10909,class3
10910,class3
10911,class3
10912,class3
10913,class3
10914,class3
10915,class3
10916,class2
10917,class3
10918,class3
10919,class3
10920,class3
10921,class3
10922,class3
10923,class3
10924,class3
10925,class3
10926,class3
10927,class3
10928,class3
10929,class3
10930,class3
10931,class3
10932,class3
10933,class3
10934,class3
10935,class3
10936,class2
10937,class3
10938,class3
10939,class3
10940,class3
10941,class3
10942,class3
10943,class3
10944,class3
10945,class2
10946,class3
10947,class3
10948,class3
10949,class3
10950,class3
10951,class3
10952,class3
10953,class3
10954,class3
10955,class3
10956,class3
10957,class3
10958,class3
10959,class3
10960,class3
10961,class3
10962,class3
10963,class3
10964,class3
10965,class3
10966,class3
10967,class3
10968,class3
10969,class3
10970,class3
10971,class3
10972,class3
10973,class3
10974,class3
10975,class1
10976,class3
10977,class3
10978,class3
10979,class3
10980,class3
10981,class2
10982,class3
10983,class3
10984,class3
10985,class3
10986,class3
10987,class3
10988,class3
10989,class3
10990,class3
10991,class3
10992,class3
10993,class3
10994,class3
10995,class3
10996,class3
10997,class2
10998,class3
10999,class3
11000,class3
11001,class3
11002,class3
11003,class3
11004,class3
11005,class3
11006,class3
11007,class2
11008,class3
11009,class3
11010,class3
11011,class3
11012,class3
11013,class3
11014,class3
11015,class3
11016,class3
11017,class3
11018,class3
11019,class3
11020,class3
11021,class3
11022,class3
11023,class3
11024,class3
11025,class3
11026,class2
11027,class3
11028,class3
11029,class3
11030,class3
11031,class3
11032,class3
11033,class3
11034,class3
11035,class2
11036,class3
11037,class3
11038,class2
11039,class3
11040,class3
11041,class3
11042,class3
11043,class3
11044,class3
11045,class3
11046,class3
11047,class3
11048,class3
11049,class3
11050,class3
11051,class3
11052,class3
11053,class3
11054,class3
11055,class3
11056,class3
11057,class3
11058,class1
11059,class3
11060,class3
11061,class3
11062,class3
11063,class3
11064,class3
11065,class3
11066,class3
11067,class3
11068,class3
11069,class2
11070,class3
11071,class3
11072,class3
11073,class2
11074,class2
11075,class3
11076,class3
11077,class3
11078,class3
11079,class3
11080,class3
11081,class3
11082,class1
11083,class3
11084,class3
11085,class3
11086,class3
11087,class3
11088,class3
11089,class3
11090,class3
11091,class3
11092,class3
11093,class3
11094,class3
11095,class3
11096,class3
11097,class3
11098,class3
11099,class3
11100,class3
11101,class3
11102,class3
11103,class3
11104,class3
11105,class3
11106,class3
11107,class3
11108,class2
11109,class3
11110,class3
11111,class3
11112,class3
11113,class3
11114,class3
11115,class1
11116,class3
11117,class3
11118,class3
11119,class3
11120,class3
11121,class3
11122,class3
11123,class3
11124,class1
11125,class3
11126,class3
11127,class3
11128,class3
11129,class3
11130,class1
11131,class3
11132,class3
11133,class3
11134,class3
11135,class3
11136,class3
11137,class3
11138,class3
11139,class3
11140,class3
11141,class3
11142,class3
11143,class3
11144,class3
11145,class3
11146,class3
11147,class3
11148,class3
11149,class1
11150,class3
11151,class3
11152,class3
11153,class3
11154,class3
11155,class3
11156,class3
11157,class3
11158,class3
11159,class3
11160,class3
11161,class3
11162,class3
11163,class3
11164,class3
11165,class3
11166,class3
11167,class3
11168,class3
11169,class3
11170,class3
11171,class3
11172,class3
11173,class3
11174,class3
11175,class3
11176,class3
11177,class3
11178,class3
11179,class3
11180,class3
11181,class3
11182,class3
11183,class3
11184,class3
11185,class3
11186,class3
11187,class3
11188,class1
11189,class3
11190,class3
11191,class2
11192,class1
11193,class3
11194,class3
11195,class3
11196,class3
11197,class3
11198,class3
11199,class3
11200,class3
11201,class3
11202,class2
11203,class3
11204,class3
11205,class3
11206,class3
11207,class3
11208,class3
11209,class3
11210,class3
11211,class1
11212,class3
11213,class3
11214,class3
11215,class3
11216,class3
11217,class3
11218,class3
11219,class3
11220,class3
11221,class3
11222,class3
11223,class3
11224,class2
11225,class2
11226,class2
11227,class3
11228,class3
11229,class3
11230,class3
11231,class3
11232,class3
11233,class3
11234,class3
11235,class3
11236,class3
11237,class3
11238,class3
11239,class3
11240,class3
11241,class3
11242,class3
11243,class3
11244,class3
11245,class3
11246,class3
11247,class3
11248,class3
11249,class3
11250,class3
11251,class3
11252,class3
11253,class3
11254,class3
11255,class3
11256,class3
11257,class3
11258,class3
11259,class3
11260,class3
11261,class3
11262,class3
11263,class3
11264,class3
11265,class3
11266,class3
11267,class3
11268,class3
11269,class3
11270,class3
11271,class3
11272,class3
11273,class3
11274,class1
11275,class3
11276,class3
11277,class3
11278,class3
11279,class3
11280,class3
11281,class3
11282,class3
11283,class3
11284,class3
11285,class3
11286,class3
11287,class3
11288,class3
11289,class3
11290,class3
11291,class3
11292,class3
11293,class3
11294,class3
11295,class3
11296,class3
11297,class3
11298,class3
11299,class3
11300,class3
11301,class3
11302,class3
11303,class3
11304,class3
11305,class3
11306,class3
11307,class3
11308,class3
11309,class3
11310,class3
11311,class3
11312,class3
11313,class3
11314,class3
11315,class3
11316,class3
11317,class3
11318,class3
11319,class3
11320,class3
11321,class3
11322,class3
11323,class3
11324,class3
11325,class3
11326,class2
11327,class3
11328,class3
11329,class3
11330,class3
11331,class3
11332,class3
11333,class3
11334,class3
11335,class3
11336,class3
11337,class3
11338,class3
11339,class1
11340,class3
11341,class3
11342,class3
11343,class3
11344,class3
11345,class3
11346,class3
11347,class3
11348,class3
11349,class3
11350,class3
11351,class3
11352,class3
11353,class3
11354,class3
11355,class3
11356,class3
11357,class3
11358,class3
11359,class2
11360,class3
11361,class3
11362,class3
11363,class3
11364,class3
11365,class3
11366,class3
11367,class3
11368,class3
11369,class3
11370,class3
11371,class2
11372,class2
11373,class3
11374,class3
11375,class3
11376,class3
11377,class3
11378,class3
11379,class3
11380,class3
11381,class3
11382,class3
11383,class3
11384,class3
11385,class3
11386,class3
11387,class3
11388,class3
11389,class3
11390,class3
11391,class3
11392,class3
11393,class3
11394,class1
11395,class1
11396,class3
11397,class3
11398,class3
11399,class3
11400,class3
11401,class3
11402,class2
11403,class3
11404,class3
11405,class3
11406,class1
11407,class3
11408,class3
11409,class2
11410,class3
11411,class3
11412,class3
11413,class3
11414,class3
11415,class3
11416,class3
11417,class3
11418,class3
11419,class3
11420,class1
11421,class3
11422,class3
11423,class3
11424,class3
11425,class3
11426,class3
11427,class3
11428,class3
11429,class3
11430,class3
11431,class3
11432,class3
11433,class3
11434,class3
11435,class3
11436,class2
11437,class3
11438,class3
11439,class3
11440,class3
11441,class3
11442,class3
11443,class3
11444,class3
11445,class2
11446,class3
11447,class3
11448,class3
11449,class3
11450,class3
11451,class3
11452,class3
11453,class3
11454,class3
11455,class3
11456,class3
11457,class3
11458,class3
11459,class3
11460,class3
11461,class3
11462,class3
11463,class3
11464,class3
11465,class3
11466,class3
11467,class3
11468,class3
11469,class3
11470,class3
11471,class3
11472,class3
11473,class3
11474,class3
11475,class3
11476,class3
11477,class3
11478,class3
11479,class2
11480,class3
11481,class3
11482,class3
11483,class3
11484,class3
11485,class3
11486,class3
11487,class3
11488,class3
11489,class3
11490,class3
11491,class2
11492,class3
11493,class3
11494,class3
11495,class3
11496,class3
11497,class3
11498,class3
11499,class3
11500,class3
11501,class3
11502,class3
11503,class3
11504,class3
11505,class3
11506,class3
11507,class3
11508,class3
11509,class3
11510,class3
11511,class3
11512,class3
11513,class3
11514,class3
11515,class3
11516,class3
11517,class3
11518,class3
11519,class3
11520,class3
11521,class3
11522,class3
11523,class3
11524,class3
11525,class3
11526,class3
11527,class2
11528,class3
11529,class3
11530,class2
11531,class3
11532,class3
11533,class3
11534,class2
11535,class2
11536,class3
11537,class3
11538,class3
11539,class3
11540,class3
11541,class3
11542,class3
11543,class2
11544,class3
11545,class3
11546,class2
11547,class3
11548,class3
11549,class3
11550,class3
11551,class2
11552,class3
11553,class3
11554,class3
11555,class3
11556,class3
11557,class3
11558,class3
11559,class2
11560,class3
11561,class3
11562,class3
11563,class3
11564,class3
11565,class3
11566,class3
11567,class3
11568,class3
11569,class3
11570,class3
11571,class3
11572,class3
11573,class3
11574,class3
11575,class3
11576,class3
11577,class3
11578,class3
11579,class3
11580,class3
11581,class3
11582,class3
11583,class3
11584,class3
11585,class3
11586,class3
11587,class3
11588,class3
11589,class2
11590,class3
11591,class3
11592,class3
11593,class3
11594,class3
11595,class1
11596,class3
11597,class3
11598,class3
11599,class3
11600,class3
11601,class3
11602,class3
11603,class3
11604,class3
11605,class2
11606,class3
11607,class3
11608,class3
11609,class3
11610,class3
11611,class3
11612,class3
11613,class3
11614,class3
11615,class3
11616,class2
11617,class3
11618,class3
11619,class3
11620,class3
11621,class3
11622,class3
11623,class3
11624,class3
11625,class3
11626,class3
11627,class3
11628,class3
11629,class3
11630,class3
11631,class3
11632,class3
11633,class3
11634,class3
11635,class3
11636,class3
11637,class3
11638,class2
11639,class3
11640,class3
11641,class3
11642,class3
11643,class3
11644,class3
11645,class3
11646,class3
11647,class3
11648,class3
11649,class3
11650,class3
11651,class3
11652,class3
11653,class3
11654,class3
11655,class3
11656,class3
11657,class3
11658,class3
11659,class3
11660,class3
11661,class3
11662,class3
11663,class3
11664,class3
11665,class3
11666,class3
11667,class3
11668,class3
11669,class3
11670,class3
11671,class3
11672,class1
11673,class3
11674,class2
11675,class3
11676,class3
11677,class3
11678,class3
11679,class3
11680,class3
11681,class3
11682,class3
11683,class3
11684,class3
11685,class3
11686,class3
11687,class3
11688,class3
11689,class1
11690,class3
11691,class3
11692,class2
11693,class3
11694,class3
11695,class3
11696,class2
11697,class3
11698,class3
11699,class3
11700,class3
11701,class3
11702,class3
11703,class3
11704,class3
11705,class3
11706,class3
11707,class3
11708,class2
11709,class3
11710,class3
11711,class3
11712,class3
11713,class2
11714,class3
11715,class3
11716,class3
11717,class3
11718,class3
11719,class3
11720,class3
11721,class3
11722,class3
11723,class3
11724,class3
11725,class3
11726,class1
11727,class3
11728,class3
11729,class3
11730,class3
11731,class3
11732,class3
11733,class3
11734,class3
11735,class3
11736,class3
11737,class2
11738,class3
11739,class3
11740,class3
11741,class3
11742,class3
11743,class3
11744,class3
11745,class3
11746,class3
11747,class3
11748,class3
11749,class3
11750,class3
11751,class2
11752,class3
11753,class3
11754,class3
11755,class3
11756,class3
11757,class3
11758,class3
11759,class3
11760,class3
11761,class3
11762,class3
11763,class3
11764,class3
11765,class3
11766,class3
11767,class3
11768,class3
11769,class3
11770,class3
11771,class2
11772,class3
11773,class3
11774,class2
11775,class3
11776,class3
11777,class3
11778,class3
11779,class3
11780,class3
11781,class3
11782,class3
11783,class3
11784,class2
11785,class3
11786,class3
11787,class3
11788,class2
11789,class3
11790,class2
11791,class3
11792,class3
11793,class2
11794,class3
11795,class3
11796,class3
11797,class3
11798,class2
11799,class2
11800,class3
11801,class3
11802,class3
11803,class3
11804,class3
11805,class3
11806,class3
11807,class3
11808,class3
11809,class2
11810,class3
11811,class3
11812,class3
11813,class3
11814,class3
11815,class3
11816,class3
11817,class2
11818,class3
11819,class1
11820,class3
11821,class3
11822,class3
11823,class3
11824,class3
11825,class3
11826,class3
11827,class3
11828,class3
11829,class3
11830,class3
11831,class3
11832,class3
11833,class3
11834,class3
11835,class3
11836,class1
11837,class3
11838,class3
11839,class3
11840,class3
11841,class3
11842,class3
11843,class3
11844,class3
11845,class3
11846,class2
11847,class3
11848,class2
11849,class3
11850,class3
11851,class3
11852,class3
11853,class3
11854,class1
11855,class3
11856,class3
11857,class3
11858,class3
11859,class2
11860,class3
11861,class3
11862,class3
11863,class3
11864,class3
11865,class3
11866,class3
11867,class3
11868,class3
11869,class3
11870,class3
11871,class3
11872,class3
11873,class3
11874,class3
11875,class3
11876,class1
11877,class3
11878,class3
11879,class3
11880,class3
11881,class3
11882,class3
11883,class2
11884,class3
11885,class3
11886,class3
11887,class3
11888,class3
11889,class3
11890,class3
11891,class3
11892,class3
11893,class3
11894,class3
11895,class3
11896,class3
11897,class3
11898,class3
11899,class3
11900,class3
11901,class3
11902,class3
11903,class3
11904,class3
11905,class3
11906,class3
11907,class3
11908,class3
11909,class2
11910,class3
11911,class3
11912,class3
11913,class3
11914,class3
11915,class3
11916,class3
11917,class3
11918,class3
11919,class3
11920,class3
11921,class3
11922,class3
11923,class3
11924,class3
11925,class3
11926,class3
11927,class1
11928,class3
11929,class3
11930,class3
11931,class3
11932,class3
11933,class3
11934,class3
11935,class3
11936,class3
11937,class3
11938,class3
11939,class3
11940,class3
11941,class3
11942,class3
11943,class3
11944,class3
11945,class3
11946,class3
11947,class3
11948,class3
11949,class3
11950,class2
11951,class3
11952,class3
11953,class2
11954,class3
11955,class3
11956,class3
11957,class3
11958,class3
11959,class3
11960,class3
11961,class3
11962,class3
11963,class3
11964,class3
11965,class3
11966,class3
11967,class3
11968,class3
11969,class3
11970,class3
11971,class2
11972,class3
11973,class3
11974,class3
11975,class3
11976,class1
11977,class3
11978,class3
11979,class3
11980,class3
11981,class3
11982,class1
11983,class3
11984,class3
11985,class3
11986,class3
11987,class3
11988,class3
11989,class3
11990,class3
11991,class3
11992,class3
11993,class2
11994,class3
11995,class3
11996,class3
11997,class3
11998,class3
11999,class1
12000,class3
12001,class3
12002,class3
12003,class3
12004,class3
12005,class3
12006,class3
12007,class3
12008,class2
12009,class3
12010,class3
12011,class3
12012,class3
12013,class3
12014,class3
12015,class3
12016,class3
12017,class3
12018,class3
12019,class3
12020,class3
12021,class3
12022,class3
12023,class2
12024,class3
12025,class3
12026,class3
12027,class3
12028,class3
12029,class3
12030,class3
12031,class2
12032,class3
12033,class3
12034,class3
12035,class3
12036,class3
12037,class3
12038,class3
12039,class3
12040,class2
12041,class3
12042,class3
12043,class3
12044,class3
12045,class3
12046,class3
12047,class3
12048,class3
12049,class3
12050,class3
12051,class1
12052,class3
12053,class3
12054,class3
12055,class3
12056,class3
12057,class3
12058,class3
12059,class3
12060,class3
12061,class3
12062,class3
12063,class3
12064,class3
12065,class3
12066,class3
12067,class3
12068,class3
12069,class3
12070,class3
12071,class3
12072,class3
12073,class3
12074,class3
12075,class1
12076,class3
12077,class3
12078,class3
12079,class3
12080,class3
12081,class3
12082,class3
12083,class3
12084,class1
12085,class3
12086,class3
12087,class3
12088,class3
12089,class3
12090,class3
12091,class3
12092,class3
12093,class3
12094,class3
12095,class3
12096,class3
12097,class3
12098,class3
12099,class3
12100,class3
12101,class3
12102,class3
12103,class3
12104,class3
12105,class3
12106,class2
12107,class3
12108,class3
12109,class3
12110,class3
12111,class3
12112,class3
12113,class1
12114,class3
12115,class3
12116,class3
12117,class3
12118,class3
12119,class3
12120,class3
12121,class3
12122,class3
12123,class3
12124,class3
12125,class3
12126,class3
12127,class3
12128,class3
12129,class3
12130,class3
12131,class3
12132,class3
12133,class3
12134,class3
12135,class2
12136,class3
12137,class3
12138,class1
12139,class3
12140,class3
12141,class3
12142,class3
12143,class3
12144,class3
12145,class2
12146,class3
12147,class3
12148,class3
12149,class3
12150,class3
12151,class3
12152,class3
12153,class3
12154,class3
12155,class3
12156,class3
12157,class3
12158,class3
12159,class2
12160,class3
12161,class3
12162,class3
12163,class3
12164,class3
12165,class3
12166,class3
12167,class3
12168,class1
12169,class3
12170,class3
12171,class2
12172,class3
12173,class3
12174,class3
12175,class3
12176,class3
12177,class3
12178,class3
12179,class2
12180,class3
12181,class3
12182,class3
12183,class3
12184,class3
12185,class3
12186,class3
12187,class2
12188,class3
12189,class3
12190,class3
12191,class3
12192,class3
12193,class3
12194,class3
12195,class3
12196,class3
12197,class3
12198,class1
12199,class3
12200,class3
12201,class3
12202,class3
12203,class3
12204,class3
12205,class3
12206,class3
12207,class3
12208,class3
12209,class3
12210,class3
12211,class3
12212,class3
12213,class3
12214,class3
12215,class3
12216,class2
12217,class3
12218,class3
12219,class3
12220,class3
12221,class3
12222,class3
12223,class3
12224,class3
12225,class3
12226,class3
12227,class3
12228,class3
12229,class3
12230,class3
12231,class3
12232,class3
12233,class3
12234,class3
12235,class3
12236,class3
12237,class3
12238,class3
12239,class3
12240,class3
12241,class3
12242,class3
12243,class3
12244,class3
12245,class3
12246,class3
12247,class3
12248,class3
12249,class2
12250,class2
12251,class3
12252,class3
12253,class3
12254,class3
12255,class3
12256,class3
12257,class3
12258,class3
12259,class3
12260,class3
12261,class3
12262,class3
12263,class3
12264,class3
12265,class3
12266,class3
12267,class3
12268,class3
12269,class3
12270,class3
12271,class3
12272,class3
12273,class1
12274,class3
12275,class3
12276,class2
12277,class3
12278,class3
12279,class3
12280,class3
12281,class2
12282,class3
12283,class3
12284,class3
12285,class3
12286,class2
12287,class3
12288,class3
12289,class3
12290,class3
12291,class3
12292,class3
12293,class3
12294,class3
12295,class3
12296,class3
12297,class3
12298,class3
12299,class3
12300,class3
12301,class3
12302,class3
12303,class3
12304,class3
12305,class3
12306,class3
12307,class3
12308,class3
12309,class3
12310,class3
12311,class2
12312,class3
12313,class3
12314,class3
12315,class3
12316,class3
12317,class3
12318,class3
12319,class1
12320,class3
12321,class2
12322,class3
12323,class3
12324,class3
12325,class3
12326,class3
12327,class3
12328,class3
12329,class2
12330,class3
12331,class2
12332,class3
12333,class3
12334,class3
12335,class3
12336,class3
12337,class2
12338,class3
12339,class2
12340,class3
12341,class3
12342,class3
12343,class3
12344,class3
12345,class3
12346,class3
12347,class3
12348,class3
12349,class3
12350,class3
12351,class3
12352,class2
12353,class1
12354,class3
12355,class3
12356,class3
12357,class3
12358,class3
12359,class3
12360,class3
12361,class3
12362,class3
12363,class3
12364,class3
12365,class3
12366,class3
12367,class3
12368,class3
12369,class3
12370,class3
12371,class3
12372,class3
12373,class3
12374,class3
12375,class3
12376,class3
12377,class3
12378,class3
12379,class3
12380,class3
12381,class3
12382,class3
12383,class3
12384,class3
12385,class3
12386,class3
12387,class3
12388,class3
12389,class2
12390,class3
12391,class3
12392,class3
12393,class3
12394,class3
12395,class3
12396,class2
12397,class3
12398,class3
12399,class3
12400,class3
12401,class3
12402,class3
12403,class3
12404,class3
12405,class3
12406,class3
12407,class3
12408,class3
12409,class3
12410,class3
12411,class3
12412,class3
12413,class3
12414,class3
12415,class3
12416,class3
12417,class3
12418,class3
12419,class3
12420,class3
12421,class3
12422,class3
12423,class3
12424,class3
12425,class3
12426,class3
12427,class3
12428,class3
12429,class3
12430,class2
12431,class3
12432,class3
12433,class3
12434,class3
12435,class3
12436,class3
12437,class3
12438,class3
12439,class1
12440,class3
12441,class3
12442,class3
12443,class3
12444,class3
12445,class3
12446,class3
12447,class1
12448,class3
12449,class3
12450,class3
12451,class3
12452,class3
12453,class3
12454,class3
12455,class3
12456,class3
12457,class3
12458,class3
12459,class3
12460,class3
12461,class3
12462,class3
12463,class3
12464,class3
12465,class3
12466,class3
12467,class2
12468,class3
12469,class3
12470,class3
12471,class3
12472,class3
12473,class3
12474,class3
12475,class3
12476,class3
12477,class2
12478,class2
12479,class3
12480,class3
12481,class3
12482,class3
12483,class3
12484,class3
12485,class3
12486,class3
12487,class3
12488,class2
12489,class3
12490,class3
12491,class3
12492,class3
12493,class3
12494,class3
12495,class3
12496,class3
12497,class3
12498,class3
12499,class3
12500,class3
12501,class3
12502,class3
12503,class3
12504,class3
12505,class3
12506,class3
12507,class3
12508,class3
12509,class1
12510,class3
12511,class3
12512,class3
12513,class3
12514,class3
12515,class3
12516,class3
12517,class3
12518,class3
12519,class2
12520,class3
12521,class3
12522,class3
12523,class3
12524,class3
12525,class3
12526,class3
12527,class3
12528,class3
12529,class3
12530,class3
12531,class3
12532,class3
12533,class3
12534,class3
12535,class3
12536,class3
12537,class3
12538,class3
12539,class3
12540,class3
12541,class3
12542,class3
12543,class3
12544,class3
12545,class3
12546,class3
12547,class3
12548,class3
12549,class3
12550,class3
12551,class3
12552,class3
12553,class3
12554,class3
12555,class3
12556,class3
12557,class3
12558,class3
12559,class3
12560,class3
12561,class3
12562,class3
12563,class1
12564,class3
12565,class3
12566,class3
12567,class3
12568,class2
12569,class3
12570,class3
12571,class3
12572,class3
12573,class3
12574,class1
12575,class3
12576,class3
12577,class1
12578,class3
12579,class3
12580,class3
12581,class3
12582,class3
12583,class3
12584,class3
12585,class3
12586,class3
12587,class3
12588,class3
12589,class3
12590,class3
12591,class3
12592,class3
12593,class3
12594,class3
12595,class3
12596,class3
12597,class3
12598,class3
12599,class3
12600,class3
12601,class3
12602,class3
12603,class3
12604,class3
12605,class3
12606,class3
12607,class3
12608,class3
12609,class3
12610,class3
12611,class3
12612,class3
12613,class3
12614,class3
12615,class3
12616,class3
12617,class3
12618,class3
12619,class2
12620,class3
12621,class3
12622,class1
12623,class3
12624,class3
12625,class3
12626,class3
12627,class3
12628,class3
12629,class3
12630,class3
12631,class3
12632,class3
12633,class3
12634,class3
12635,class1
12636,class3
12637,class3
12638,class3
12639,class3
12640,class3
12641,class3
12642,class3
12643,class3
12644,class3
12645,class3
12646,class3
12647,class3
12648,class1
12649,class3
12650,class2
12651,class3
12652,class3
12653,class3
12654,class3
12655,class3
12656,class3
12657,class3
12658,class3
12659,class3
12660,class3
12661,class3
12662,class3
12663,class3
12664,class3
12665,class2
12666,class3
12667,class3
12668,class3
12669,class3
12670,class3
12671,class1
12672,class3
12673,class1
12674,class3
12675,class3
12676,class3
12677,class3
12678,class3
12679,class3
12680,class3
12681,class3
12682,class3
12683,class3
12684,class3
12685,class3
12686,class3
12687,class3
12688,class3
12689,class3
12690,class3
12691,class3
12692,class3
12693,class3
12694,class3
12695,class3
12696,class3
12697,class3
12698,class3
12699,class2
12700,class3
12701,class3
12702,class2
12703,class3
12704,class3
12705,class3
12706,class3
12707,class3
12708,class3
12709,class3
12710,class2
12711,class3
12712,class2
12713,class3
12714,class3
12715,class3
12716,class3
12717,class3
12718,class3
12719,class3
12720,class3
12721,class3
12722,class3
12723,class3
12724,class3
12725,class3
12726,class3
12727,class3
12728,class2
12729,class3
12730,class3
12731,class3
12732,class3
12733,class2
12734,class3
12735,class3
12736,class2
12737,class3
12738,class3
12739,class3
12740,class3
12741,class3
12742,class3
12743,class3
12744,class3
12745,class3
12746,class3
12747,class3
12748,class3
12749,class3
12750,class3
12751,class3
12752,class3
12753,class3
12754,class3
12755,class3
12756,class3
12757,class3
12758,class1
12759,class3
12760,class3
12761,class3
12762,class3
12763,class3
12764,class3
12765,class3
12766,class3
12767,class3
12768,class3
12769,class3
12770,class3
12771,class3
12772,class3
12773,class3
12774,class3
12775,class3
12776,class3
12777,class3
12778,class3
12779,class3
12780,class3
12781,class2
12782,class3
12783,class3
12784,class3
12785,class3
12786,class3
12787,class3
12788,class3
12789,class3
12790,class3
12791,class3
12792,class3
12793,class3
12794,class3
12795,class3
12796,class3
12797,class3
12798,class3
12799,class3
12800,class3
12801,class3
12802,class3
12803,class3
12804,class3
12805,class3
12806,class3
12807,class3
12808,class3
12809,class3
12810,class3
12811,class3
12812,class3
12813,class2
12814,class3
12815,class2
12816,class3
12817,class3
12818,class3
12819,class3
12820,class3
12821,class1
12822,class3
12823,class3
12824,class3
12825,class3
12826,class3
12827,class3
12828,class3
12829,class3
12830,class3
12831,class3
12832,class3
12833,class3
12834,class3
12835,class3
12836,class1
12837,class3
12838,class3
12839,class3
12840,class3
12841,class3
12842,class3
12843,class3
12844,class3
12845,class3
12846,class3
12847,class3
12848,class3
12849,class3
12850,class3
12851,class3
12852,class3
12853,class3
12854,class3
12855,class3
12856,class3
12857,class3
12858,class3
12859,class3
12860,class1
12861,class3
12862,class3
12863,class3
12864,class1
12865,class3
12866,class3
12867,class3
12868,class3
12869,class3
12870,class3
12871,class2
12872,class3
12873,class3
12874,class3
12875,class3
12876,class3
12877,class3
12878,class3
12879,class3
12880,class3
12881,class3
12882,class3
12883,class3
12884,class3
12885,class3
12886,class3
12887,class3
12888,class3
12889,class2
12890,class1
12891,class3
12892,class3
12893,class3
12894,class3
12895,class3
12896,class3
12897,class3
12898,class2
12899,class2
12900,class3
12901,class3
12902,class3
12903,class1
12904,class3
12905,class3
12906,class3
12907,class3
12908,class3
12909,class3
12910,class3
12911,class3
12912,class3
12913,class3
12914,class3
12915,class3
12916,class3
12917,class3
12918,class3
12919,class2
12920,class3
12921,class3
12922,class3
12923,class3
12924,class2
12925,class3
12926,class3
12927,class3
12928,class3
12929,class3
12930,class3
12931,class3
12932,class3
12933,class3
12934,class3
12935,class3
12936,class3
12937,class3
12938,class3
12939,class3
12940,class3
12941,class3
12942,class3
12943,class3
12944,class3
12945,class3
12946,class3
12947,class3
12948,class2
12949,class3
12950,class3
12951,class3
12952,class3
12953,class3
12954,class3
12955,class3
12956,class2
12957,class3
12958,class3
12959,class3
12960,class3
12961,class3
12962,class3
12963,class3
12964,class3
12965,class3
12966,class3
12967,class3
12968,class3
12969,class3
12970,class3
12971,class3
12972,class3
12973,class3
12974,class3
12975,class3
12976,class3
12977,class3
12978,class3
12979,class3
12980,class3
12981,class3
12982,class3
12983,class3
12984,class3
12985,class3
12986,class3
12987,class3
12988,class3
12989,class3
12990,class3
12991,class3
12992,class3
12993,class3
12994,class3
12995,class3
12996,class3
12997,class3
12998,class3
12999,class3
13000,class3
13001,class2
13002,class3
13003,class3
13004,class3
13005,class3
13006,class3
13007,class3
13008,class3
13009,class3
13010,class2
13011,class3
13012,class3
13013,class3
13014,class3
13015,class3
13016,class3
13017,class3
13018,class3
13019,class2
13020,class3
13021,class3
13022,class3
13023,class3
13024,class3
13025,class2
13026,class3
13027,class3
13028,class3
13029,class3
13030,class3
13031,class3
13032,class3
13033,class3
13034,class3
13035,class3
13036,class3
13037,class3
13038,class3
13039,class3
13040,class3
13041,class3
13042,class3
13043,class3
13044,class3
13045,class3
13046,class3
13047,class3
13048,class3
13049,class3
13050,class3
13051,class3
13052,class3
13053,class3
13054,class3
13055,class2
13056,class3
13057,class3
13058,class3
13059,class3
13060,class3
13061,class3
13062,class3
13063,class3
13064,class3
13065,class3
13066,class3
13067,class3
13068,class3
13069,class3
13070,class3
13071,class3
13072,class3
13073,class3
13074,class3
13075,class3
13076,class3
13077,class3
13078,class3
13079,class3
13080,class3
13081,class3
13082,class3
13083,class3
13084,class3
13085,class3
13086,class3
13087,class3
13088,class3
13089,class3
13090,class3
13091,class3
13092,class3
13093,class3
13094,class2
13095,class3
13096,class3
13097,class1
13098,class3
13099,class3
13100,class3
13101,class3
13102,class3
13103,class3
13104,class3
13105,class3
13106,class3
13107,class3
13108,class3
13109,class3
13110,class3
13111,class3
13112,class3
13113,class3
13114,class3
13115,class3
13116,class2
13117,class3
13118,class3
13119,class3
13120,class3
13121,class3
13122,class1
13123,class3
13124,class3
13125,class3
13126,class3
13127,class3
13128,class3
13129,class3
13130,class3
13131,class3
13132,class3
13133,class3
13134,class3
13135,class3
13136,class3
13137,class3
13138,class3
13139,class3
13140,class3
13141,class3
13142,class3
13143,class3
13144,class3
13145,class3
13146,class3
13147,class3
13148,class3
13149,class3
13150,class1
13151,class3
13152,class2
13153,class3
13154,class3
13155,class3
13156,class3
13157,class3
13158,class3
13159,class3
13160,class3
13161,class3
13162,class3
13163,class3
13164,class3
13165,class2
13166,class3
13167,class2
13168,class3
13169,class3
13170,class3
13171,class3
13172,class3
13173,class3
13174,class3
13175,class3
13176,class3
13177,class3
13178,class3
13179,class3
13180,class3
13181,class3
13182,class3
13183,class3
13184,class3
13185,class3
13186,class3
13187,class3
13188,class3
13189,class3
13190,class3
13191,class3
13192,class2
13193,class3
13194,class3
13195,class3
13196,class3
13197,class3
13198,class3
13199,class3
